{
    "dataset": {
        "folder": "datasets/data",
        "name": "msd",
        "raw_file": "train_triplets.txt",
        "processed_file": "ratings.parquet",
        "rewrite": false
    },
    "split": {
        "n_val_users": 50000,
        "n_test_users": 50000,
        "seed": 42,
        "target_proportion": 0.2,
        "targets_newest": false
    },
    "model": {
        "general": {
            "model": "SANSA",
            "checkpoints_folder": "models/checkpoints/",
            "retrain": true,
            "save": false
        },
        "model_specific": {
            "l2": 109.33206423884192,
            "target_density": 0.01,
            "ainv_method": "umr",
            "ainv_params": {
                "umr_scans": 3,
                "umr_finetune_steps": 20,
                "umr_loss_threshold": 0.0001
            },
            "ldlt_method": "cholmod",
            "ldlt_params": {}
        }
    },
    "evaluation": {
        "split": "test",
        "metrics": [
            "recall",
            "ndcg"
        ],
        "ks": [
            20,
            50,
            100
        ],
        "experiment_folder": "experiments/sandbox"
    },
    "performance": {
        "time": {
            "ldlt_time": 148.524216712,
            "umr_scans_times": [
                22.154353334999996,
                73.63796657800003,
                87.75466825800049
            ],
            "umr_finetune_step_times": [
                2.2724179110000478,
                2.477294893999897,
                2.469787401000758,
                2.5875361640000847,
                2.6609922540001207,
                2.6479769849993318,
                2.6149245870001323,
                2.5554528060001758,
                2.5828073559996483,
                2.6212580870005695,
                2.620561292000275,
                2.5594693240000197,
                2.61248286800037,
                2.5180247600001167,
                2.74067484599982,
                2.849823511000068,
                2.746612197000104,
                2.651352136999776,
                2.8070433670000057,
                2.813383206999788
            ],
            "ainv_time": 324.93045130699966,
            "construct_weights_time": 474.6808894020005,
            "matmat_times": [
                0.04385812700002134,
                8.260982890000378
            ],
            "predict_time": 9.72362558199984,
            "pipeline": {
                "dataset_load_time": 1.267651073000252,
                "dataset_split_time": 0.0,
                "data_preparation_time": 2.241904899000019,
                "model_preparation_time": 476.92580036900017,
                "evaluation_time": 275.95134503200006
            }
        },
        "memory": {
            "L_memory": {
                "nnz": 841088518,
                "mbytes": 10093.22678,
                "density": 0.49695049735905406
            },
            "sparsified L_memory": {
                "nnz": 16924996,
                "mbytes": 203.264516,
                "density": 0.01
            },
            "L_inv_memory": {
                "nnz": 16924996,
                "mbytes": 203.264516,
                "density": 0.01
            }
        }
    },
    "results": {
        "20": {
            "coverage": 0.0,
            "recall": {
                "mean": 0.3299229712102483,
                "std": 0.25161351203884574,
                "se": 0.0011252498339526416,
                "min": 0.0,
                "max": 1.0,
                "percentiles": {
                    "1": 0.0,
                    "5": 0.0,
                    "10": 0.0,
                    "25": 0.14285714285714285,
                    "50": 0.2857142857142857,
                    "75": 0.5,
                    "90": 0.7,
                    "95": 0.8,
                    "99": 1.0
                }
            },
            "ndcg": {
                "mean": 0.3244163871567198,
                "std": 0.2534026326923044,
                "se": 0.0011332510247548063,
                "min": 0.0,
                "max": 1.0000000000000002,
                "percentiles": {
                    "1": 0.0,
                    "5": 0.0,
                    "10": 0.0,
                    "25": 0.10778915452451093,
                    "50": 0.28696925846461757,
                    "75": 0.5008655546918773,
                    "90": 0.6992148198508501,
                    "95": 0.7981446224363351,
                    "99": 0.9514509518388014
                }
            }
        },
        "50": {
            "coverage": 0.0,
            "recall": {
                "mean": 0.42396104594844686,
                "std": 0.2626637911819153,
                "se": 0.0011746681846211448,
                "min": 0.0,
                "max": 1.0,
                "percentiles": {
                    "1": 0.0,
                    "5": 0.0,
                    "10": 0.1111111111111111,
                    "25": 0.2222222222222222,
                    "50": 0.4,
                    "75": 0.6,
                    "90": 0.8,
                    "95": 0.9090909090909091,
                    "99": 1.0
                }
            },
            "ndcg": {
                "mean": 0.3607537859221815,
                "std": 0.24899056246470466,
                "se": 0.0011135196468539743,
                "min": 0.0,
                "max": 1.0000000000000002,
                "percentiles": {
                    "1": 0.0,
                    "5": 0.0,
                    "10": 0.05853129656898177,
                    "25": 0.1548708168468542,
                    "50": 0.3301321897276579,
                    "75": 0.5382861512097302,
                    "90": 0.7227265726449519,
                    "95": 0.8181604269617733,
                    "99": 0.9558295932317544
                }
            }
        },
        "100": {
            "coverage": 0.0,
            "recall": {
                "mean": 0.5042147166818521,
                "std": 0.26187244051775055,
                "se": 0.001171129156862921,
                "min": 0.0,
                "max": 1.0,
                "percentiles": {
                    "1": 0.0,
                    "5": 0.1,
                    "10": 0.16666666666666666,
                    "25": 0.3,
                    "50": 0.5,
                    "75": 0.7062410329985653,
                    "90": 0.8571428571428571,
                    "95": 1.0,
                    "99": 1.0
                }
            },
            "ndcg": {
                "mean": 0.3896456488192434,
                "std": 0.24612714953995485,
                "se": 0.0011007140749591904,
                "min": 0.0,
                "max": 1.0000000000000002,
                "percentiles": {
                    "1": 0.0,
                    "5": 0.04288649821069134,
                    "10": 0.07897918931636823,
                    "25": 0.18826056307816963,
                    "50": 0.36302747703097193,
                    "75": 0.5665025552734755,
                    "90": 0.7450453069112029,
                    "95": 0.8326950477005491,
                    "99": 0.9560290452802053
                }
            }
        }
    }
}