{
    "dataset": {
        "folder": "datasets/data",
        "name": "msd",
        "rewrite": false
    },
    "split": {
        "n_val_users": 50000,
        "n_test_users": 50000,
        "seed": 42,
        "target_proportion": 0.2,
        "targets_newest": false
    },
    "model": {
        "general": {
            "model": "SANSA",
            "checkpoints_folder": "models/checkpoints/",
            "retrain": true,
            "save": false
        },
        "model_specific": {
            "l2": 109.33206423884192,
            "target_density": 0.01,
            "ainv_method": "umr",
            "ainv_params": {
                "umr_scans": 4,
                "umr_finetune_steps": 10,
                "umr_loss_threshold": 0.0001
            },
            "ldlt_method": "cholmod",
            "ldlt_params": {}
        }
    },
    "evaluation": {
        "split": "test",
        "metrics": [
            "recall",
            "ndcg"
        ],
        "ks": [
            20,
            50,
            100
        ],
        "experiment_folder": "experiments/sandbox"
    },
    "performance": {
        "time": {
            "ldlt_time": 148.49280219200045,
            "umr_scans_times": [
                22.69421271200008,
                74.56415462299992,
                89.11547478699867,
                86.52123695999944
            ],
            "umr_finetune_step_times": [
                2.6157090440010506,
                2.8284757290002744,
                2.7466281229990273,
                2.774680468999577,
                2.7438207249997504,
                2.725522196999009,
                2.796909336999306,
                2.7567516199997044,
                2.8083593459996337,
                2.786137528999461
            ],
            "ainv_time": 357.9081119479997,
            "construct_weights_time": 507.73752009599957,
            "matmat_times": [
                0.024865081999450922,
                8.265368342999864
            ],
            "predict_time": 9.718686377998893,
            "pipeline": {
                "dataset_load_time": 182.35270655100067,
                "dataset_split_time": 66.21836172500116,
                "data_preparation_time": 250.0737932030006,
                "model_preparation_time": 510.0417434400006,
                "evaluation_time": 271.8552205870001
            }
        },
        "memory": {
            "L_memory": {
                "nnz": 841088518,
                "mbytes": 10093.22678,
                "density": 0.49695049735905406
            },
            "sparsified L_memory": {
                "nnz": 16924996,
                "mbytes": 203.264516,
                "density": 0.01
            },
            "L_inv_memory": {
                "nnz": 16924996,
                "mbytes": 203.264516,
                "density": 0.01
            }
        }
    },
    "results": {
        "20": {
            "coverage": 0.0,
            "recall": {
                "mean": 0.33091264883912097,
                "std": 0.252068587566239,
                "se": 0.0011272849935809375,
                "min": 0.0,
                "max": 1.0,
                "percentiles": {
                    "1": 0.0,
                    "5": 0.0,
                    "10": 0.0,
                    "25": 0.14285714285714285,
                    "50": 0.2857142857142857,
                    "75": 0.5,
                    "90": 0.7,
                    "95": 0.8,
                    "99": 1.0
                }
            },
            "ndcg": {
                "mean": 0.32558801710301694,
                "std": 0.2540166866323915,
                "se": 0.001135997157458579,
                "min": 0.0,
                "max": 1.0000000000000002,
                "percentiles": {
                    "1": 0.0,
                    "5": 0.0,
                    "10": 0.0,
                    "25": 0.10778915452451093,
                    "50": 0.288172580263093,
                    "75": 0.503393029780341,
                    "90": 0.7010163913426652,
                    "95": 0.8011906450544992,
                    "99": 0.95295728652154
                }
            }
        },
        "50": {
            "coverage": 0.0,
            "recall": {
                "mean": 0.42538188512746977,
                "std": 0.26278694239062117,
                "se": 0.0011752189335695001,
                "min": 0.0,
                "max": 1.0,
                "percentiles": {
                    "1": 0.0,
                    "5": 0.0,
                    "10": 0.1111111111111111,
                    "25": 0.2222222222222222,
                    "50": 0.4,
                    "75": 0.6,
                    "90": 0.8,
                    "95": 0.9090909090909091,
                    "99": 1.0
                }
            },
            "ndcg": {
                "mean": 0.3620132997370205,
                "std": 0.24938704409696744,
                "se": 0.0011152927666171137,
                "min": 0.0,
                "max": 1.0000000000000002,
                "percentiles": {
                    "1": 0.0,
                    "5": 0.0,
                    "10": 0.05925099777762462,
                    "25": 0.15590066965110888,
                    "50": 0.3311993704432649,
                    "75": 0.5402527477733664,
                    "90": 0.723989910206587,
                    "95": 0.8204014815117732,
                    "99": 0.9558295932317544
                }
            }
        },
        "100": {
            "coverage": 0.0,
            "recall": {
                "mean": 0.5051762270773764,
                "std": 0.2621647691655823,
                "se": 0.0011724364903195656,
                "min": 0.0,
                "max": 1.0,
                "percentiles": {
                    "1": 0.0,
                    "5": 0.1,
                    "10": 0.16666666666666666,
                    "25": 0.3,
                    "50": 0.5,
                    "75": 0.7142857142857143,
                    "90": 0.8571428571428571,
                    "95": 1.0,
                    "99": 1.0
                }
            },
            "ndcg": {
                "mean": 0.3907415847359569,
                "std": 0.2465524449710273,
                "se": 0.0011026160539479863,
                "min": 0.0,
                "max": 1.0000000000000002,
                "percentiles": {
                    "1": 0.0,
                    "5": 0.043001045588690626,
                    "10": 0.07847428227110642,
                    "25": 0.1893716597546135,
                    "50": 0.3642977676291399,
                    "75": 0.5683172703149499,
                    "90": 0.7459125690488192,
                    "95": 0.8346292172863317,
                    "99": 0.9565912771023181
                }
            }
        }
    }
}