{
    "dataset": {
        "folder": "datasets/data",
        "name": "movielens20",
        "raw_file": "rating.csv",
        "processed_file": "ratings.parquet",
        "rewrite": false
    },
    "split": {
        "n_val_users": 10000,
        "n_test_users": 10000,
        "seed": 42,
        "target_proportion": 0.2,
        "targets_newest": false
    },
    "model": {
        "general": {
            "model": "SANSA",
            "checkpoints_folder": "models/checkpoints/",
            "retrain": true,
            "save": false
        },
        "model_specific": {
            "l2": 10.0,
            "target_density": 0.01,
            "ainv_method": "umr",
            "ainv_params": {
                "umr_scans": 4,
                "umr_finetune_steps": 10,
                "umr_loss_threshold": 0.0001
            },
            "ldlt_method": "icf",
            "ldlt_params": {}
        }
    },
    "evaluation": {
        "split": "test",
        "metrics": [
            "recall",
            "ndcg"
        ],
        "ks": [
            20,
            50,
            100
        ],
        "experiment_folder": "experiments/sandbox"
    },
    "performance": {
        "time": {
            "ldlt_time": 63.801979500000016,
            "umr_scans_times": [],
            "umr_finetune_step_times": [],
            "ainv_time": 5.216677333999542,
            "construct_weights_time": 69.12624962500558,
            "matmat_times": [
                0.06496520800283179,
                4.635613666003337
            ],
            "predict_time": 5.3814049159991555,
            "pipeline": {
                "dataset_load_time": 69.60424366599909,
                "dataset_split_time": 7.258981457998743,
                "data_preparation_time": 77.0849892910046,
                "model_preparation_time": 69.43843562500115,
                "evaluation_time": 29.824037500002305
            }
        },
        "memory": {
            "L_memory": {
                "nnz": 4158567,
                "mbytes": 49.985688,
                "density": 0.009686440180528019
            },
            "L_inv_memory": {
                "nnz": 4158567,
                "mbytes": 49.985688,
                "density": 0.009686440180528019
            }
        }
    },
    "results": {
        "20": {
            "coverage": 0.0,
            "recall": {
                "mean": 0.2827947970785664,
                "std": 0.24219650456059716,
                "se": 0.0024219650456059716,
                "min": 0.0,
                "max": 1.0,
                "percentiles": {
                    "1": 0.0,
                    "5": 0.0,
                    "10": 0.0,
                    "25": 0.1,
                    "50": 0.25,
                    "75": 0.4,
                    "90": 0.6,
                    "95": 0.75,
                    "99": 1.0
                }
            },
            "ndcg": {
                "mean": 0.24132696178221158,
                "std": 0.20331267859547555,
                "se": 0.0020331267859547554,
                "min": 0.0,
                "max": 1.0,
                "percentiles": {
                    "1": 0.0,
                    "5": 0.0,
                    "10": 0.0,
                    "25": 0.07792268245821106,
                    "50": 0.2111341074440235,
                    "75": 0.3688290827508763,
                    "90": 0.52179331662452,
                    "95": 0.6150658253365104,
                    "99": 0.8175433626556241
                }
            }
        },
        "50": {
            "coverage": 0.0,
            "recall": {
                "mean": 0.40216905681069387,
                "std": 0.2707903875505858,
                "se": 0.002707903875505858,
                "min": 0.0,
                "max": 1.0,
                "percentiles": {
                    "1": 0.0,
                    "5": 0.0,
                    "10": 0.0,
                    "25": 0.22,
                    "50": 0.35294117647058826,
                    "75": 0.5333333333333333,
                    "90": 0.8,
                    "95": 1.0,
                    "99": 1.0
                }
            },
            "ndcg": {
                "mean": 0.282754217875927,
                "std": 0.1972258729985612,
                "se": 0.001972258729985612,
                "min": 0.0,
                "max": 1.0,
                "percentiles": {
                    "1": 0.0,
                    "5": 0.0,
                    "10": 0.0,
                    "25": 0.13127940883977662,
                    "50": 0.26323950094819104,
                    "75": 0.4015143479893209,
                    "90": 0.5493307095600973,
                    "95": 0.6396799314105109,
                    "99": 0.8358963920406799
                }
            }
        },
        "100": {
            "coverage": 0.0,
            "recall": {
                "mean": 0.5223256915138932,
                "std": 0.2747763284300934,
                "se": 0.002747763284300934,
                "min": 0.0,
                "max": 1.0,
                "percentiles": {
                    "1": 0.0,
                    "5": 0.0,
                    "10": 0.2,
                    "25": 0.3333333333333333,
                    "50": 0.5,
                    "75": 0.7,
                    "90": 1.0,
                    "95": 1.0,
                    "99": 1.0
                }
            },
            "ndcg": {
                "mean": 0.32353472781225745,
                "std": 0.19516539919449977,
                "se": 0.0019516539919449977,
                "min": 0.0,
                "max": 1.0,
                "percentiles": {
                    "1": 0.0,
                    "5": 0.0,
                    "10": 0.07738609892808929,
                    "25": 0.18208790046993825,
                    "50": 0.3098027817225042,
                    "75": 0.4472568264052998,
                    "90": 0.5846440465043882,
                    "95": 0.6732454759398675,
                    "99": 0.8401822863276179
                }
            }
        }
    }
}